Big Bird,1,Sesame Street,Fakeville,12345
Brittany Hale,2,2872 Barry Glens Apt. 309,Arnoldbury,47931
Drew Brown,3,436 April Locks Apt. 434,Michaelberg,85883
Annette Greene,4,3218 Pearson Circle Suite 605,Monicaton,12515
Denise Rivera,5,344 Norma Island Apt. 822,Turnerborough,80695
Jenna Ryan,6,113 Mary Corners,North William,53948
Misty Hill,7,37771 Carla Stream,North Heatherfurt,82684
Stacey Chambers,8,856 Amanda Lock Suite 597,Port Ariana,84153
Cameron Gonzalez,9,5105 Anderson Parkways,Kevinburgh,77496
Edward Cameron,10,6008 Christopher Park,Samanthamouth,49978
Miss Taylor Lopez MD,11,337 Walker Dale,Dudleyville,99934
Kaitlyn Hall,12,144 Catherine Orchard Apt. 800,New Michaelview,47140
Todd Shaw,13,576 Mendoza Curve Suite 192,East Bradley,76601
Terry Woods,14,5332 Amanda Walks,Kimberlyland,23024
Yolanda King,15,883 Beltran Mountains Apt. 939,Duncanville,51201
Eugene Wheeler,16,359 Torres Drives,South Billytown,96590
Isaac Bryant,17,29860 John Summit Apt. 509,Seanstad,97431
Jonathan Sullivan,18,468 Kristina Center,West Sarah,93629
Anna Parker,19,394 Avila Stream,Christinashire,94472
Corey Jenkins,20,67285 Heather Spring,Geoffreyfurt,48739
Mr. Richard Ruiz,21,219 Yates Shore Suite 671,Kennethport,40243
William Wolfe,22,097 Williams Expressway Suite 457,Jeffreychester,24315
Daniel Long,23,147 Padilla Estate Suite 823,Burgessville,13121
Elizabeth Fletcher,24,850 Watson Plains,East Robert,80621
Matthew Hayes,25,3821 Erin Vista Suite 488,North Laurashire,83519
Michael Roberson,26,0723 Craig Ways,West David,06651
Steven Frank,27,79222 Paul Drive,South Eugene,90271
Catherine Smith,28,9324 Thomas Glen Suite 939,Josephberg,09234
Brian Rodriguez,29,3973 Morris Burgs,Kevinfurt,35159
Krystal Holmes,30,798 Rachel Club,Jenniferside,77594
Ronald Weaver,31,329 Christine Unions,Cassandraborough,56098
Brian Thomas,32,5234 Morgan Port,Joditown,95883
Robert Garcia,33,83833 Ryan Court,Farmershire,09044
Taylor Atkinson,34,4210 Valerie Hills Suite 059,Rachelbury,50737
Dr. Valerie Henderson MD,35,7970 Williams Park Suite 888,Lake Sandra,95158
Alexander Nguyen,36,112 Johnson Island,South Timothy,19376
Mr. Francisco Garcia,37,746 John Rue Suite 122,Georgeland,92343
Gary Collins,38,10779 Watson Vista Suite 850,Tammymouth,51672
David Cannon,39,87448 Brittany Ridge Apt. 127,Juliaborough,83640
Jennifer Berry,40,8242 Vanessa Knolls Suite 431,Port Dawnfort,76532
Stephanie Glass,41,744 Hoffman Ports,New Stevenborough,52058
Rachel Edwards,42,868 Hayes Flats,North Brandifort,90653
Andre Park,43,73837 Grant Ridge Apt. 953,Connieborough,22049
Arthur Terry,44,5687 Todd Summit Suite 332,Port Jefferyland,03249
David White,45,748 Davis Prairie,Sheilaville,66243
Emily Hall,46,78422 Matthew Orchard Suite 224,Michelleport,02430
Michael Alvarez,47,340 Edwin Ramp,Hendersonport,09681
Nathaniel Cruz,48,669 Christina Mountains,New Lonnieport,77606
Nicholas Clark,49,986 Mills Throughway Suite 056,Karenstad,27230
Alexander Rodriguez,50,1186 Hoffman Expressway Apt. 940,Port Christopherville,46949
Abigail Murphy,51,0580 Allen Mission,New Lauren,03921
Timothy Bennett,52,537 Daniel Ports Suite 952,South Jeffrey,22894
Timothy Hill,53,5068 Rachel Falls Apt. 297,Port Ethanberg,97685
Joseph Peterson,54,94135 Brooks Courts Suite 499,West Chelseabury,25697
Billy Diaz,55,7241 Amanda Burg Apt. 138,New John,80772
Kimberly Thomas,56,890 Gabriela Corner Apt. 658,Janetchester,80751
Cindy Hammond,57,27874 Casey Flats Apt. 426,Hodgeport,47577
Andrew Lloyd,58,47999 Jasmine Prairie Apt. 757,East Veronica,54193
Jeffery Mcfarland,59,0518 Rachel Island,North Eduardo,63902
Mary Hernandez,60,033 Timothy Shoal Suite 962,East Emily,80150
Paula Graham,61,786 Mary Passage,Smithmouth,86441
Kelli Bennett,62,2809 Sanchez Glens,New Julie,29882
Chad Wilson,63,585 Luke Underpass Apt. 695,Angelachester,50076
Douglas Dunn,64,694 Nathan Lakes,Salinasland,49980
Steven Flores,65,4447 Justin Union Apt. 851,Marshstad,45952
Jerry Smith,66,370 Kelly Divide,West Brenda,25915
Allison Rice,67,84687 Catherine Greens Apt. 019,Brownshire,26695
William Krause,68,6197 Mcdowell Wall,Kaitlinton,08641
Susan Goodwin,69,2624 Jessica Place Suite 770,Sextonmouth,13098
Sheila Parker,70,483 Jessica Highway,Baldwinmouth,78791
Ms. Danielle Smith,71,5437 Brown Ford Apt. 225,North Tiffany,95596
Ms. Cindy Franco DDS,72,115 Howard Path,New Ellenmouth,69711
Nathan Cruz,73,2471 Jose Circles,Fletchermouth,51454
Justin Moore,74,66993 Megan Court Apt. 327,North Melissa,96041
Jorge Carter,75,9377 Alexis Greens,North Austinshire,12456
Jason Thompson,76,1223 Robert Village Suite 292,South Caitlintown,76522
Joseph Adkins,77,9384 Mason Cliff Suite 646,Port Jason,55667
Anna Alexander,78,427 Estrada Lights Suite 825,Port Randystad,03205
Alicia Nash,79,1334 Lamb Junctions,West Jeremy,28043
Justin Preston,80,364 Virginia Way,East Jessicaport,98337
Loretta West,81,4484 Stephanie Crescent Apt. 292,Tracyton,41252
Holly Alvarado,82,60023 Miller Estates Suite 958,Travismouth,18037
Michelle Boyd,83,0313 Lutz Corners,New Jamesview,55420
Sean Oneal DDS,84,4640 Jennifer Forest,Lake Michaelborough,83714
Tyler Johnson,85,12877 Christine Drive,North Kevinshire,31118
Reginald Miller,86,574 Martinez Orchard,North Kylefurt,74589
Michael Brown,87,52757 Omar Lights,Timothyfort,04381
Tina Eaton,88,8441 Gonzalez Rue Apt. 929,Garciamouth,28961
Melissa Manning,89,05141 Danielle Ways,West Heather,52678
John Le,90,14497 Holly Brooks Suite 718,Port William,21929
Kristina Scott,91,1155 Melissa Union Suite 186,Johnborough,15778
Timothy Hernandez,92,496 Ashley Camp,Port Ashleytown,57073
Alexandra Hughes,93,99564 Kim Rapids Apt. 117,Lake Michaelshire,27123
Katherine Smith,94,46631 Daniel Stream Suite 757,Ryanland,88669
Todd Hill,95,19000 Rogers Route Apt. 916,Susanhaven,49640
Felicia Boyd,96,1646 Campbell Grove Suite 478,Bethville,97438
Phillip Jenkins,97,5111 Alicia Greens,Marcborough,65350
Tyler Campos,98,191 Joshua Groves,Baldwinside,83049
Erin Smith,99,6230 Barber Light,Lambertport,33818
Christian Wang,100,36604 Manning Lodge Suite 866,Garciabury,48363
Dr. Bobby Williams,101,437 Allison Summit,Port Timothy,11755
Robin Cole,102,24004 Daniel Flats Suite 343,West Jill,96838
Kari Nguyen,103,2413 Hall Corners Apt. 394,New Sharontown,26681
Brian Wilson,104,31494 Bailey Neck,Port Lori,89071
Jose Rodriguez,105,74449 Vasquez Mill,Jimmyburgh,78221
Joseph Larsen,106,1561 Carlson Dale,Jonesshire,44306
Nicholas Kemp,107,018 Anderson Ranch Apt. 804,Williamsonfurt,32613
Heather Compton,108,4101 Jacobson Valley Apt. 438,Byrdchester,95453
Ashley Cameron,109,4561 Valdez Center Suite 435,Reidshire,94045
Donna Mitchell,110,43136 James Mission Suite 510,Lake Debra,71356
Victoria Stanley,111,2607 Martinez Parkway,Lake Garrett,31591
Michael Camacho,112,59821 Chelsey Stream Apt. 447,North Chad,74215
Molly Hodges,113,3038 Allen Burgs,South Lisa,72261
Lori Bennett,114,57060 Kelsey Fork Apt. 195,South Emilytown,63462
Joel Matthews,115,81852 Reed Cliffs Apt. 798,Lake Ethanfurt,10117
Elizabeth Parks,116,498 James Walk Suite 015,Smithtown,54921
Amanda Snyder,117,0762 Amy Station Apt. 431,Patrickton,66078
Joseph Lewis,118,91841 Pearson Lodge Apt. 882,East Anna,39732
Valerie Coleman,119,7575 Hines Meadow,Burnsport,60988
Justin Martin,120,538 Isaac Walk Apt. 606,New Steven,65341
Troy Jones,121,639 Brown Islands Suite 573,North Anthonymouth,84957
Janet Webster,122,86617 Jefferson Harbor,West Todd,54801
Kelsey Jones,123,083 Bender Freeway Apt. 309,South Lauraburgh,62745
Hector Brown,124,0739 Amy Prairie Apt. 546,Gonzalesland,64456
Billy Foster,125,3207 Smith Port,Allenburgh,98942
Mary Kane,126,6473 Adkins Shoal Suite 380,South Frederickshire,71280
Nathan Silva,127,56446 Henry Pine Suite 684,Lake Jeremy,89133
Nicholas Robinson,128,00189 Martinez Mountain,Williamberg,77961
Michael Perkins,129,95267 Michael Trail,Jonathanborough,34318
Richard Bryan,130,760 Zachary Prairie,Jacobshire,06105
Stephanie Collins,131,45385 Charles Mews,Samuelshire,42487
Keith Bennett,132,002 Megan Falls,East Jennifer,15406
Mary Ramirez,133,249 Kristopher Spur,Wilkinsfurt,24258
Peter Wilson,134,220 Adams Road Apt. 934,South Dianamouth,24986
Stephen Moreno,135,0173 John Courts Apt. 860,Raymondshire,18385
Oscar Chapman,136,52688 Barbara Coves,Lake Michaeltown,34626
Alec Parker,137,152 Hunt Village Suite 168,Willisfort,44734
Jacqueline Harvey,138,03227 Benjamin Stream,Sabrinafort,40176
Amanda Martinez,139,2188 Ashley Radial,East Joshua,30083
Elijah Williams,140,4921 Timothy Trafficway Suite 195,Tinaton,26489
Alfred Moran,141,23116 Michele Drive Apt. 234,West Andrew,97434
Jacob Merritt,142,10258 Morales Ville,Lake Megan,25684
Robert Mills,143,2734 Maria Passage,Deanside,53746
Ashley Barnes,144,65501 Jessica Creek,Port Carol,45132
Tracy Pena,145,472 Brown Lane Apt. 684,Audreyfurt,03125
Richard Phillips,146,8263 Wall Villages Apt. 192,Bradleyberg,90993
Sara Pineda,147,07822 Austin Throughway Apt. 347,East Laura,45319
Valerie Simpson,148,2279 John Extension,East Tina,56267
John Harris,149,55612 Aaron Pass,Marieberg,24080
Karen Sawyer,150,0638 Traci Way Suite 704,Brandonmouth,61135
Christopher Ball,151,2283 Jeffrey Brooks,Harrismouth,74698
Michael Bond,152,435 Ware Place Apt. 483,North Paul,78069
Joseph Rivera,153,7167 Justin Skyway Apt. 272,Thomasbury,81844
Theresa Morales,154,000 Lane Falls,South Matthew,24228
Kimberly Mckenzie,155,592 Taylor Prairie,North Susan,54391
Michael Hunter,156,57665 Patel Springs,West Rebeccamouth,99822
Jason Mitchell,157,904 Kelly Mountain Apt. 558,Natalieton,71004
Janice Macdonald,158,899 Day Locks,Isaiahhaven,54895
Crystal Lewis,159,6088 Mary Circle Suite 320,Roseport,64392
Bradley Rodriguez,160,0918 Perez Squares,New Heatherland,66787
Sara Holden,161,94232 Sean Loaf,Amberborough,07025
Ronald Sanchez,162,8182 Juan Springs,West Alexis,40561
Debra Gonzalez,163,61939 Richard Unions Apt. 281,Jonesville,08173
Michael Patel,164,023 Sanchez Burg,South Jeanstad,19638
Brian Sherman,165,544 Jessica Points,Lake John,87401
Lorraine Le,166,03236 Graham Stravenue Apt. 114,New Jennifer,74946
Anthony Ruiz,167,656 Joseph Via Suite 085,Jerryburgh,00952
Kimberly Stewart,168,04903 Richardson Route Apt. 756,South Cassidyhaven,41911
Julie Perez,169,1453 Caleb Junction Suite 087,Juliaburgh,18137
Kevin Zamora,170,560 Melissa Views,North Nancymouth,04871
Amber Williamson,171,0474 Flynn Branch Suite 012,Avilamouth,42121
Jeremy Sanchez,172,0025 David Ville Apt. 725,Travisville,72460
Dalton Peters,173,4667 Ebony Lake,Lake Andrea,33982
Heather Williams,174,4354 Thompson Points Suite 600,Port Pamela,99561
Rebecca Duncan,175,5580 Brian Isle Suite 584,Shelleyport,35549
Emily Clarke,176,5431 Lynch Harbors,South Andrea,64706
Lisa Beck MD,177,571 King Roads Suite 266,Port Joseph,77637
Jacqueline Mccullough,178,34617 Nicole Unions Apt. 616,East Matthewborough,57376
Kristin Price,179,60734 Benjamin Row Apt. 406,Ortiztown,41664
Noah Nichols,180,81560 Christopher Walk,Andrewston,09805
Michelle Dixon,181,24783 Mary Vista,Aliciamouth,79499
Marilyn Jones,182,6223 Maria Meadow Suite 238,South Ashley,31404
Chad Buckley,183,01593 Anderson Port Apt. 143,Port Victoria,63864
Matthew Campos,184,90406 Karen Junctions Suite 491,West Scott,25524
Amanda Williams,185,01167 Makayla Trail Apt. 906,Barrontown,66422
Jennifer Fritz MD,186,6130 Megan Haven Suite 326,West Michaelport,71077
James Coleman,187,23757 Michael Valley Suite 230,Davidton,13010
Cindy Horn,188,54730 Derrick Drive,Christineport,03403
Crystal Robinson,189,95849 Cynthia Mill,South Christinebury,96005
Alexis Bradshaw,190,03999 Julie Loop Apt. 578,Andersenshire,41180
Kevin Henderson,191,9390 Smith Village Apt. 128,Aaronport,74984
Elizabeth Gonzalez,192,127 Julie Stream Suite 432,Lawsonberg,93057
Patricia Mclaughlin,193,4165 Lopez Ramp,Leeland,44172
Carrie Thompson,194,022 Dunlap Valley Apt. 165,Stevensland,08197
Matthew Cook,195,612 Martin Avenue Apt. 720,Meghanfurt,73319
Victoria Cortez,196,21718 Austin Hill,East Heathershire,49768
Timothy Turner,197,428 Eric Meadows,New Markland,02307
Jason Mccullough,198,9604 Michael Cliff,Richardsville,07069
Taylor Gutierrez,199,0485 Nelson Falls,Garciabury,60039
Charles Knight,200,63473 Bell Street Apt. 512,Lake Trevortown,60911
Nathaniel Haley,201,3829 Bradshaw Orchard,South Karenland,36842
Larry Ritter,202,41390 Parker River Apt. 307,Lake Jacob,59173
Jordan George,203,7014 Perez Hill Suite 533,Lake Jessicaland,24005
Jessica Morales,204,74287 Jacob Trafficway,Brownborough,56576
Stephanie West,205,20342 Lawrence Stream Apt. 874,New Kristine,51624
Madeline Bridges,206,3726 Green Land,Lake Stevenstad,86908
Matthew Fry,207,8320 Valerie Burgs,South Lisa,24820
Richard Meza,208,135 Jones Tunnel,East Gary,33959
Shelley Coffey,209,67427 Joshua Villages,South Emily,73412
Eric Hendricks,210,601 Laura Drive Apt. 469,Port Wendyton,34317
Lisa Jimenez,211,7291 Sullivan Flats Suite 313,South Anthony,37053
Jeffrey Thomas,212,297 Lori Run Suite 600,Marymouth,96232
Joshua Hickman,213,63707 Moreno Club Apt. 978,Dennisborough,35017
Brian Wall,214,7113 Russell Center,Mcclainshire,84362
Bonnie Gomez,215,7950 Jones Parks,North Andrew,70953
Mary Martinez,216,510 Donald Burg Apt. 257,Wallaceside,87013
James Fritz,217,596 Lauren Points,Jasonstad,97749
Dylan Steele,218,5233 David Prairie,Adamsbury,49724
Gary Wilson,219,3745 Julie Mills,Jonesville,04146
Jason Martinez,220,90054 Hannah Manor Suite 115,Anthonychester,49974
Katherine Harrington,221,165 Erik Court,Simmonshaven,38325
Lisa Ellis,222,12216 James Valley,Tamiside,75845
Matthew Duran,223,10997 Cody Plain Apt. 330,North Susanbury,27443
Julia Hawkins,224,3301 Andrew Harbors Apt. 520,South Alan,92221
Kathryn Montes,225,482 Wesley Roads,Vegafurt,44988
Damon Price,226,85780 Vanessa Place Suite 169,West Brandon,78638
David Leon,227,3003 Jose Rapids,Lake Robert,45600
Kristen Sanchez,228,05649 Jessica Mission Apt. 822,New Stacey,39176
John Mueller,229,792 Ashley Drive,West Nicholeburgh,86000
Garrett Hines,230,1305 Jose Rest Apt. 722,New Steven,64486
David Gutierrez,231,553 Mitchell Common Apt. 391,Brittneyland,65629
Alexander Lee,232,09400 Richardson Crossroad Suite 703,North Michelebury,36803
Rebecca Johnson,233,220 Carrie Drives,East Patrick,18766
Cameron Rivera,234,637 Nelson Mission,Emilyland,70737
Amy Cruz,235,36555 Acevedo Locks Apt. 154,Michaelland,97884
Eric Wilson,236,2178 Bradley Trafficway Suite 818,South Brian,70897
Tiffany Mitchell,237,879 Alexander Corner Suite 990,Kaufmanberg,29603
Alicia Meyer,238,856 Jones Shoal Apt. 431,North Richardville,41953
Jeffery Wood,239,543 Ricky Stravenue,Powellbury,63812
Rachel Ortega,240,251 Kerr Drives,New Corey,81618
Jennifer Rodriguez,241,850 James Walk Suite 386,West Susanmouth,03494
Rhonda Guerrero,242,6976 Richard Branch Suite 402,Crystalfort,44850
Chad Luna,243,9770 Brown Burg Suite 112,Greeneport,93904
Brian Scott,244,11796 Armstrong Flat,Turnerfurt,68762
Melody Brown,245,43761 Francisco Spurs Apt. 944,Peterton,59470
Louis Everett,246,323 Owens Shoals,New Christopherburgh,67005
Stacie Harmon,247,7457 Jonathan Terrace,Keithburgh,36433
Martin Wilcox,248,9623 Edwards Ford Apt. 167,North Ryanburgh,11347
Joshua Hawkins,249,493 Joshua Springs,Petersberg,44085
Herbert Acosta,250,7032 John Valleys Apt. 617,New Kelsey,03761
Sheila King,251,52841 Hernandez Green,New Michael,94161
Olivia Cook,252,93849 Murphy View Apt. 810,West Pamela,18340
Lisa Becker,253,76505 Donald Field Apt. 374,North Sheilaborough,98011
Monica Jacobson,254,78112 Jessica Forges,Jacquelinetown,72054
Adam Richardson,255,405 Leslie Vista Apt. 572,Lake Eric,50264
Douglas Nguyen,256,066 William Villages,Stokesfort,03952
Traci Johnson,257,442 James Mill Apt. 266,Jasmineberg,03950
Miguel Ramos,258,350 Williams Path Suite 160,North Amy,20132
Stephen Oliver,259,60775 Brandi Ville Apt. 453,West Brandi,82809
Clayton Anderson,260,52307 Alyssa Crescent,East Tracystad,41571
Shawn Thomas,261,5731 Rachel Stravenue Suite 872,Jasonville,59768
Taylor Wilson,262,64200 Smith Crossing,Smithland,19166
Timothy Larson,263,03872 Blackburn Harbors,Amyhaven,90238
Karen Gardner,264,480 Sandra Lock,West Josephside,46839
Albert Wilson,265,3510 Neal Skyway Suite 138,South Vincenthaven,75991
Mary Jones,266,502 Hendricks Knolls,Wayneborough,46652
Clarence Levine,267,0572 Nguyen Garden Suite 573,Mossshire,42854
Ms. Patricia Bond PhD,268,4821 Jeremy Square,New Alan,11617
Susan Miller,269,441 Johnson Cape Apt. 768,Carrhaven,25746
Monica Cooper,270,3553 Jose Glen Apt. 886,North Pamelaport,36975
Timothy Dillon,271,3966 Smith Hills,Lake Sonya,11622
Kathleen Campbell,272,554 Pearson Divide Apt. 462,Port Thomas,42817
Chase Conrad,273,161 Amy Ridges Suite 404,South Susan,73907
Tyler Lee,274,8859 Torres Pike,North Robertbury,77982
Keith Davis,275,01270 Owens Motorway Suite 296,North Aprilborough,23456
Curtis Parks,276,014 Collins Parkway,East Jenniferchester,97066
Penny Jones,277,548 Kent Summit,Woodton,28452
Michael Wilson,278,035 Jacobson Park Apt. 155,Jessicafort,61567
William Kirby,279,9605 Montgomery Plaza,North Becky,01771
Jody Burke,280,4379 Hensley Summit Apt. 696,New Charlesview,07763
George Reid,281,0076 Amber Falls,Mitchellhaven,63074
Brittany Mendez,282,855 Jessica Views,Stevenport,46227
Emily Adams,283,0748 Pierce Islands,Jordanside,65823
Robert Gardner,284,468 Michele Lights,West Wendy,59891
Rachel Craig,285,871 Blackwell Stream,New Alexa,57279
Seth Lamb,286,829 Laurie Key Apt. 419,Smithburgh,33447
Christine Lozano,287,179 Ramirez Shoals Suite 225,Port Emilyview,22255
Christopher Brady,288,922 Brandon Trace,South Diane,18770
Christopher Munoz,289,04781 Christopher Square,West Henrystad,64061
Edward Schwartz,290,574 Martin Circle Suite 142,South Kimberlyborough,69308
Christopher Johns,291,9624 Bailey Crescent,West Dianehaven,19848
Zoe Morales,292,8041 Elizabeth Field Apt. 491,Mitchellberg,52032
Tina Gilmore,293,932 Ray Viaduct,West Michael,92776
Jeffery Davis,294,23896 Stuart Freeway,South Mitchell,86474
Amanda Barnes,295,97587 Valerie Ways,Jasonhaven,95742
Caleb Mccormick,296,9094 Donald Parkway,Reevesport,41579
Lisa Burke,297,49804 Jennifer Mall Suite 358,Christopherborough,42117
Mary Gomez,298,2774 James Meadows Apt. 524,Brendafort,81863
Mindy Howard,299,6740 Kristopher Walks,Susanton,93611
Amanda Morrison,300,9931 Smith Unions Suite 981,North Jill,19119
Julia Miller,301,825 Reeves Stravenue,Austinside,48507
Erin Marshall MD,302,5138 Campos Drive Suite 365,North Matthew,39551
Jessica Andrews,303,898 Moyer Knoll Suite 967,Lake Amberport,68549
Brian Hampton,304,7307 Lee Squares,South Johnstad,24600
John Watts,305,60869 Kristen Row,Melissabury,40291
Amy Montoya,306,09820 Olson Junction Suite 040,Lake Robertland,90721
Debra Torres,307,91328 Davis River,New Angelica,85082
Samantha Andrews,308,6518 James Prairie,South Alexisview,52732
Thomas Chapman,309,456 Lee Road Suite 798,North Michelle,81585
Nicole Houston,310,74275 Christopher Creek Apt. 482,New Caleb,99918
Patricia Heath,311,317 Gilbert Rue,Bonniestad,57747
Veronica White,312,4711 Ariana Terrace,East Arielbury,08048
Jaime Bonilla,313,9105 Maria Burg,Valeriefurt,29430
Rachael Carpenter,314,59788 Zimmerman Pike,North Brandiport,57546
Shawn Clarke,315,9109 Arias Drive,Port Phillip,18964
Misty Todd,316,336 Garcia Squares,East Toddchester,36579
Carla Conrad,317,56184 Benjamin Wall,South Breannachester,68225
Chad Johnson,318,82963 Rodriguez Points Apt. 713,Lake Dominicland,56576
Jason House,319,26758 Joshua Curve Apt. 203,Myersfurt,81788
Holly Adkins,320,674 Lori Road Apt. 671,Lake Jason,43687
Isabel Porter,321,722 Susan Inlet Suite 629,Dianahaven,28543
Mario Owens,322,47981 Linda Expressway,Markmouth,77252
Jordan Myers,323,034 Mccarty Stream,Lyonsmouth,22089
Matthew Williams,324,4913 Cordova Mountains,Port Paigehaven,75103
James Cooper,325,29103 Myers Manors,Port Andrew,79041
Virginia Hughes,326,84385 Sean Square,Lake Kenneth,15805
William Gonzalez,327,88378 Ryan Orchard,Heathermouth,25560
Laura Newman,328,271 Donald Walk,Scottborough,87697
Patrick Yang,329,44765 Justin Brooks Apt. 297,Waltermouth,85427
Anne Freeman,330,7633 Snyder Brooks,East Michael,02480
Andrew Ponce,331,09253 Jessica Cape,North Ellen,68104
Alexander Macdonald,332,3277 Brittney Fords Apt. 561,Fullerton,21714
Joshua Howard,333,0600 Smith Estate Suite 860,Meltonfort,95492
Krystal Lin,334,4916 Aaron Shoals Apt. 707,Port Marc,44636
Stephanie Williams,335,4066 Wright Lake Apt. 919,North Darrylfurt,22514
Alexandra Dennis,336,985 Gregory Divide Suite 503,Butlerview,14832
Amy Moore,337,36300 Karen Crossroad,New Aaron,73588
Rebecca Anderson,338,1015 Davidson Parks,Michaelburgh,46461
Christine Chandler,339,88562 David Creek Suite 653,New Jamestown,47094
Jeremy Harrison,340,9097 Mary Village Apt. 914,Matthewsside,04042
Sara Duncan,341,8165 Harris Station Suite 032,Benjaminburgh,42670
Cheyenne Williams,342,5019 Thompson Dam,West Herbert,58179
Gregory Velazquez,343,2091 Wilkins Throughway,Jerryburgh,09823
Sandra Robbins,344,429 Brandon Road,West Sophiastad,47707
Zachary Graham,345,784 Heather Mission,North Jimmy,49911
Andrea Carrillo,346,4374 Mccormick Green,Vickiport,47863
Caitlyn Gardner,347,9940 Matthew Summit Suite 680,Elizabethfurt,32108
Tiffany Allen,348,885 Nelson Mews,North Jerry,62952
Brittany Flores,349,5330 Dennis Underpass,New Jennifer,02454
Kelly Smith,350,205 Gonzalez Valleys Apt. 154,Reyesstad,07747
James Salazar,351,7000 John Turnpike,North Jacobbury,98325
Grant Koch,352,3569 Campbell Club Apt. 191,West Timothy,20834
Joshua Jones,353,2726 Elizabeth Parkways Suite 108,West Jason,25217
Ricky Morrison,354,153 Maddox Fall,Port Danielshire,10740
Carlos Morris,355,404 Maria Plains,Davisburgh,48160
Donna Torres,356,57306 Mary Club Suite 009,Kimberlyshire,10925
Lisa Barber,357,07417 Fowler Road Suite 813,Carrollmouth,96082
Johnny Sanders,358,11591 Andrew Plains Apt. 896,Coltonmouth,13724
Becky Gomez,359,117 Mcfarland Mountains,Michaelland,08816
Derrick Oliver,360,81624 Victoria Shore,Allisonview,31284
Jessica Gallegos,361,166 Gutierrez Groves Apt. 908,Port Daniel,21519
Dana Sparks,362,899 Lisa Light Suite 901,Wagnermouth,44120
Victoria Williams,363,52107 Daniel Turnpike Suite 807,East Erinmouth,79143
Stephanie Heath,364,95931 Elizabeth Crescent Suite 946,Linmouth,51185
Gregory Martin,365,2750 Luis Plains,West Michael,00710
Angela Taylor,366,5746 Zuniga Run,Mcdonaldhaven,25620
Katrina Lopez,367,4728 Bobby Garden,Andersonborough,77667
Laurie Fischer,368,777 Madison Station Apt. 231,Westton,29227
Rebecca Taylor,369,97537 Gregory Mews,North Ashleyville,75525
Timothy Blake,370,18784 White Passage,Christineport,05692
Michael Taylor,371,1607 Williams Inlet Apt. 512,Tabithafort,07712
Frank Summers PhD,372,923 Adam Ville Apt. 045,Jeremystad,44371
Lindsay Rivas,373,223 Castro Center Suite 952,South Michaelburgh,52573
Christopher Martinez,374,64269 Rebecca Fork,West Sandraburgh,92396
Seth Christian,375,01776 Karla Camp Suite 972,Lake Victor,62764
Marcia Ramos,376,9703 Grant Ports,Markbury,85249
Jimmy Henderson,377,925 Garrett Glen Apt. 314,New Andrea,16263
Carol Jackson,378,961 Rodney Inlet Apt. 842,East Carolinebury,47836
Vanessa Wallace,379,9190 Billy Shoal,West Gary,34754
Katie Boone,380,43350 Robert Fork Apt. 702,Tiffanyport,18988
Mary Rodriguez,381,5425 Elizabeth Mountains,North Darren,05562
Lisa Bell,382,15856 Charles Squares,Millerhaven,14809
Thomas Garcia,383,53300 Jones Neck,Jonesfort,57664
Mrs. Alison Mclaughlin,384,577 Michael Dam,Robbinschester,94641
George Cooper,385,439 Monica Island,Lake Carlosview,09378
Tyler Kent,386,0990 Perez Mall Apt. 005,Port Lisa,62226
Jeffrey Davis,387,480 Taylor Inlet Apt. 449,West Amandaborough,86397
Abigail Campbell,388,06933 Wilson Lane,Port Michaelton,79667
Raymond Perez,389,2329 Patton Canyon Apt. 545,Fergusonside,90603
Morgan Everett,390,2243 Sheena Springs Apt. 240,Garciabury,87056
Brandon Myers,391,2505 Justin Station Suite 214,Fisherview,74125
Thomas Morris,392,13139 Smith Heights Suite 391,Stewartbury,10937
Lauren Davis,393,79271 Brandon Villages Apt. 623,New Nicholas,76954
Dalton Bennett,394,1286 Jordan Ville,West Jordan,21310
Lauren Reed,395,5496 Mcdonald Mission,New Michael,41673
Mr. David Cobb DVM,396,400 Alexis Vista,North Edwardton,58371
Carla Thomas,397,56630 Madden Mountain Apt. 303,Lake Frank,83141
Elizabeth Mcgrath,398,633 Warren Cliffs,Perezmouth,92051
Debra Sims,399,6103 Rodriguez Valley,North Kathryn,27754
Jesse Horton,400,212 Jones Parkways,South Christianside,89405
Eric Peters,401,744 Dustin Keys,Jessicabury,77964
Jonathan Oneill,402,611 Elizabeth Falls Apt. 214,New Antonio,66992
Jessica Esparza,403,634 Joshua Station,Michaelland,48692
Eric Richards,404,410 Miranda Neck,Johnfurt,69991
Heidi Flynn,405,62503 Kristi Mission,Tashaton,63362
Mark Pierce,406,81378 Lee Crest,Lauraburgh,54720
Mark Butler,407,23682 Francisco Shoals,North Lynn,18799
Renee Grant,408,440 Jill Cove,West Sarabury,24066
Jeanette Gordon,409,664 John Square,North Joanhaven,28152
Brandon Reyes,410,73173 Obrien Cove,South Danielmouth,80767
Mary Johnson,411,501 Natalie Avenue,South Derek,41526
Shelley Yoder,412,0606 Smith Greens Suite 553,South Scott,16432
Nathaniel Thompson,413,5913 Bobby Pike Apt. 310,Thompsonborough,40127
Alexander Johnson,414,63340 Angela Roads Apt. 542,Port Daniel,86662
Susan Davis,415,6682 Thompson Club Suite 211,Cowanhaven,11099
Christopher Johnson,416,626 Donna Pike,East Christian,61887
Kristen Boyer,417,98403 Anthony Lane,South Robin,63752
Patricia Townsend,418,501 Johnson Points Suite 310,Rebeccachester,30234
Tyler Miller,419,0009 Robert Overpass,West Jenniferfurt,24507
Donna Fuller,420,344 Catherine Gardens Suite 831,East Joshua,73944
Victoria Morales,421,9323 Hogan Summit,Shawmouth,26395
James Warren,422,091 Garcia Point,Lake Allison,14721
Ryan Torres,423,37884 Evans Shores,Port Bryan,29112
Mary Santos,424,68634 Stacey View Suite 721,Port Margaretton,84666
Natalie Moore,425,96197 Ann Throughway Apt. 203,Villegasbury,68844
Jose Brown,426,27835 Scott Ford,South Cynthiatown,57044
Leslie Hogan,427,753 Anderson Plain Suite 722,Jacobsville,95531
James Pratt,428,7452 Benjamin Ports Suite 878,South Dustinbury,08187
Sharon Gordon,429,89564 William Fields,Mendozaborough,99573
Jose Daniel,430,11964 Theresa Cliff Suite 082,Matthewfort,13377
Julie Miller,431,29793 Walker Highway Suite 114,Maryhaven,65363
Martin Harris,432,68789 Chad Parkway Suite 706,North Shane,09621
Michaela Roach,433,00655 Sweeney Islands,Port Timothy,83226
Joshua Montoya,434,58877 Yesenia Terrace,Ashleyberg,04550
Joseph Higgins,435,381 May Orchard,Benjaminview,55408
Miss Shelly Torres,436,730 Smith Crescent Suite 540,New Richardstad,85053
Michael Garcia,437,64688 Cisneros Mountain Apt. 881,Seanfurt,82726
Michelle Wood,438,76865 Robertson Spring,Port Amanda,47268
Gary Cox,439,473 Love Highway Apt. 582,Wallerville,27462
Crystal Skinner,440,64490 Lopez Walk Apt. 109,New Kelly,12921
Michael Morales,441,715 Ashley Loop Apt. 689,Marissaport,53204
Henry Duncan,442,2151 Melinda Causeway Apt. 541,Tammyton,31342
Tammy Molina,443,72430 Strickland Glen,Reedmouth,04387
Amy Hammond,444,132 Charles Ferry,Juanville,40874
Susan Lewis,445,370 Michelle Stravenue Apt. 413,East Ashley,66317
Gail Martin,446,51043 Bradley Manor Apt. 526,Freychester,17948
Daniel Swanson,447,2282 Meyer Plaza,Wilsonfurt,97130
Lisa Patel,448,47041 Banks Estates,Port Jessicaland,11428
Michael Santos,449,7026 Andrew Trail,Marymouth,48762
Amy Fox,450,06071 Thompson Ville Suite 258,Zimmermanberg,32857
Sarah Poole,451,85591 Underwood Brook,North Lynnside,53624
Shawn Lopez,452,56881 Cannon Street,North David,88949
Mary Roberts,453,9208 Jason Ports Apt. 152,Lake Morganfurt,08781
Clinton Bennett,454,194 Nicole Lodge Suite 023,Smithburgh,22160
David Garrett,455,4909 Tina Mount,Andrewfurt,93123
Valerie Miller,456,366 Lopez Tunnel Suite 869,East Paul,76065
Amanda Larsen,457,1064 King Spring Apt. 487,Brianside,53799
Christopher Ellis,458,865 Michael Route,East Nicolemouth,35358
Drew Richardson,459,880 Osborne Walk Suite 947,Port Lisafurt,83311
Jeffrey Marshall,460,47895 Daniels Spur Suite 449,Michaelstad,85261
Madeline Moody,461,971 Jacob Port Suite 919,Matthewview,93560
Garrett Beard,462,4993 Murray Path,Raymondmouth,41179
Brittney Mata,463,2292 Susan Harbors Suite 281,New Roberto,79169
Travis Hamilton,464,487 Robert Harbor Apt. 684,Martinezshire,62295
Alexandra Lee,465,43666 Bennett Village Apt. 076,Hillmouth,96012
Lisa Allen,466,642 Connie Spurs Suite 376,South Patriciaport,30839
Shawn Strickland Jr.,467,05131 Fowler Stream Apt. 697,East Melissachester,07321
Monique Jordan,468,18403 Heather Passage,Petersonberg,37677
Sarah Griffith,469,740 Campbell Lodge Apt. 559,Nancybury,78349
Bradley Martin,470,36876 Nicholson Stream,Port Crystal,11362
Jacqueline Smith,471,311 Bush Canyon Apt. 532,Richardland,30792
Michael Wright,472,9400 Luis Drive Suite 768,Ryanhaven,92712
Pamela Klein,473,585 Eric Cliffs Apt. 524,Lake Brandy,26728
Jane Keith,474,1700 Mullins Mews Apt. 076,Stephentown,20007
Samuel Moore,475,189 Vincent Ferry,Michellebury,53274
Alexis Brown DDS,476,34841 Stephens Plaza,Benjaminshire,90311
Nicole Nelson,477,862 Mark Groves,North Jonathanview,59658
Carl Grant,478,7594 Hannah Mills Apt. 610,Port James,19079
Brett Jackson,479,977 Shelby Tunnel Suite 741,West Jeffrey,31306
Kara Harrison,480,83480 Walker Square Apt. 290,Port Ricardo,75123
Brandon Bailey,481,521 Warren Pine Suite 884,South Judithfort,61076
Jasmine Thompson,482,3003 Christopher Villages,Lake Royport,46569
James Rodriguez,483,18904 Brenda Mountain Apt. 810,Port Jeremy,38053
Brian Phillips,484,087 Cooper Courts Apt. 045,South Dianefort,89360
Christopher Ford,485,205 Melanie Ports Apt. 636,Saraport,93627
Ryan Newman,486,842 Brown Pass Suite 012,Port Elizabethland,15082
Chris Davis,487,218 King Prairie,East Angela,48635
Vanessa Stewart,488,72023 Tiffany Place Apt. 991,Pattontown,09536
Timothy Mckinney,489,95726 Jerry Centers Suite 919,Murphyberg,27380
George Brown,490,00010 Dean Grove Apt. 374,West Jasonchester,28196
Krista Nelson,491,4862 Alyssa Oval,Kellertown,10388
David Pugh,492,833 Jeffrey Village,Garciaview,59380
Natalie Moore,493,655 Johnson Pass,Robertfurt,39663
Thomas Butler MD,494,37511 Davidson Highway Suite 532,Chungville,45412
James Glover,495,60705 Willis Circle,Patriciastad,18473
Angela Norton,496,93416 Carolyn Shoal Apt. 361,Amandaport,44700
Cameron Deleon,497,54160 Scott Trafficway Suite 667,Colemanhaven,31854
Megan Gardner,498,15357 Wilson Squares,Moorechester,49231
Tammy Lopez,499,3740 Sanchez Port,West Kellybury,34587
Jason Baker,500,539 Guerrero Row,West Gloriaburgh,31566
Chelsea Green,501,2366 Sanchez Square,Port Amandaton,80311
James Jones,502,2460 Natalie Locks,South Hector,72941
Valerie Davis,503,605 Jaime Gardens,Michelletown,82809
Justin Jones,504,6903 Anthony Meadow Apt. 828,Lake Brian,03495
Samantha Herrera,505,72903 Steven Stream Apt. 364,Fieldsfurt,55439
Lindsey Acosta,506,7803 Moore Streets Suite 695,Mcdanielshire,12306
Teresa Webb,507,69655 Jennifer Field,Youngton,13031
John Parks,508,62420 Randall Fields Apt. 637,New Linda,73963
Eric Trujillo,509,8202 Adams Run Suite 523,Maloneborough,43470
Richard Anderson,510,22288 Jessica Turnpike,West Matthew,05804
Douglas Hill,511,39899 Carly Keys Suite 273,Crystalville,69963
John Koch,512,33237 Alicia Mission Suite 292,Port Brian,10515
Brittany Johnson,513,39598 Andrea Lock Apt. 429,Port Jamiemouth,75843
Thomas Brady PhD,514,115 Gordon Island,Williamshire,29643
Daniel Wilkinson,515,09903 Gordon Via,Julieshire,62252
Brandy Vaughan,516,75174 Grant Turnpike Suite 413,Port Lori,71187
Erika Harrison,517,183 Smith Dam,New Christopher,26285
Mary Mitchell,518,41503 Wilson Islands Apt. 945,East Peggyland,31552
Maria Perry,519,3619 Mitchell Way Suite 377,Gallowaymouth,11237
Justin Rios,520,0242 Wilson Parks,Port Sarah,50365
Frederick Williams,521,510 Anderson Gateway,Isaacfurt,01477
Patty Colon,522,99587 Maldonado Point Suite 173,North Jeanne,31125
Stephen Jones,523,51415 Victoria Parks Suite 051,Lake Joshua,10735
Anthony Arnold,524,360 Angela Circle Suite 949,Lake Johnchester,91622
Ronald Flores MD,525,0112 Davis Springs,East Debbieberg,33032
Vickie Rogers,526,882 Julie Spur,Hallview,25465
Jason Gomez,527,2839 Sarah Valley,Gilbertmouth,41753
Carl Brooks,528,604 Christopher Camp,Mirandafort,14867
James Khan,529,6445 Brittany Shore,North Nicole,31183
Lauren Roberts,530,4105 Wright Motorway,Annaburgh,41443
Carol Smith,531,670 James Land Apt. 406,Pollardton,18302
Heather Miller,532,873 Robinson Trafficway,Townsendtown,80230
Tammy Ford,533,911 Jennifer Canyon Suite 948,Thomasborough,74544
Lindsay Stone,534,170 Mitchell Plains Apt. 944,Thompsonton,21790
David Hart,535,933 Richards Circle,Mcintoshborough,44737
Mark Ross,536,0859 Franklin Path,West Mark,97625
Julia Hull,537,83737 Pennington Rue Apt. 058,East Katherinefort,13372
Morgan Phillips,538,002 Nicholas Run,New Pamela,83347
Justin Castro,539,7167 Stephanie Bridge,South Davidfurt,46957
John Willis,540,36548 Reyes Vista,Stevetown,33478
Emily Frank,541,38401 Michael Path Suite 558,West Erin,22653
Lindsey Smith,542,02589 Angela Estates Apt. 048,East Rosefort,21606
Joe Perkins,543,129 Barbara Trafficway Apt. 616,Lake Chelsea,17128
Kelly Golden,544,2064 Ebony Drives Apt. 223,North Kimberly,08338
Lauren Dodson,545,9241 Moore Port Suite 728,Susanside,37684
Kirsten Collins,546,12066 Micheal Curve Suite 113,Lake Marissa,56693
Lisa Lamb,547,976 Lori Lakes,East Jamesshire,94595
Jose Smith,548,657 Frost Land Suite 314,Hawkinsland,86642
Zachary Reese,549,048 Jessica Ramp,Port Adamside,01621
Kevin Caldwell,550,413 Nichols Trail Apt. 866,East Elizabethfort,54346
Christina Wilson,551,4251 Rogers Union,West William,98413
Joshua Harris,552,7088 Stephanie Radial,South Shawnport,45763
Teresa Hopkins,553,10520 Blake Skyway,Gregoryside,02185
Charlene Curtis,554,8795 James Ford,Smithport,15496
Michael Robles,555,0759 Alexis Locks Apt. 344,Nicolebury,17909
Hunter Harmon,556,1433 Stephanie Village,Robertland,78663
Melissa Williams,557,40216 Jennifer Ways Suite 404,New Kristina,61515
Jesse Gates,558,0447 Jill Locks Apt. 205,Kellyland,13567
Margaret Hughes,559,870 Higgins Glen,South John,47243
Kaitlin Clarke,560,568 Everett Harbors,Roberttown,77957
Daniel Dodson,561,38807 Bates Hollow,New Patrickland,74497
Natasha Butler,562,4036 Decker Port Apt. 916,Michaelport,90109
Garrett Knox,563,264 Gentry Square,West Angelastad,71257
Jennifer Gibbs,564,293 Timothy Plaza Suite 307,Christinafort,38207
Julia Johnson,565,644 Cynthia Forge Suite 758,South Natasha,90543
Heather Obrien,566,007 Kevin Port,North Ethanshire,97090
Brandon Flores,567,151 Shelton Plain,East Martinmouth,53516
Samantha Hodges,568,578 Daniel Mountain,New Patriciaberg,20544
Mary Donaldson,569,0599 Prince Islands,North Elizabethburgh,87779
Justin Warren,570,9609 Adam Wall,Sheachester,56666
Emma Smith,571,49625 Chris Spring Apt. 742,East Stephenshire,06188
Joseph Hernandez,572,66894 Veronica Light Apt. 225,Melaniemouth,40607
Travis Rivera,573,3360 Robert Camp,East John,67223
James Collins,574,35464 Margaret Path Apt. 908,Christophershire,98718
Joshua Hull,575,788 Thompson Vista Suite 378,Lorichester,19560
Miguel Hill,576,68579 Stephen Haven,New Billyville,77823
Justin Singh,577,62770 Christopher Crest Suite 044,Brennanstad,64695
Jennifer Maynard,578,2609 Sims Greens Suite 838,North James,74828
Alexander Lewis,579,220 Justin Tunnel,New Joshuafort,84962
Christine Mcfarland,580,365 Moody Mountains,Longville,24778
Matthew Hill,581,1802 Simon Summit Apt. 570,South Hannah,68534
Scott Crane,582,39134 Savage Harbors,East Amyhaven,16828
Matthew Johnson,583,0543 Shane Cove,Lake Peterton,34768
Judith Richards,584,15920 Cody Villages,Walterfurt,72694
Michelle Espinoza,585,923 Christopher Loop,Underwoodport,25365
Kimberly Williams,586,73975 Melanie Stream Apt. 953,Lake Johnside,37307
Anthony Alexander,587,9347 Garrett Harbors Apt. 869,Nancybury,32910
Rebecca Phillips,588,78090 Finley Groves,Josemouth,11299
Samantha Sims,589,016 Crystal Heights Apt. 424,Port Wendyshire,70790
Kathy Jordan,590,96200 Patton Shoals,Lake Cindyburgh,67715
Terry Johnson,591,0394 Ariel Corner Suite 524,Wyattborough,93628
Garrett Coleman,592,26079 Eduardo Villages Apt. 666,Obrienberg,17613
Kathryn Jordan,593,155 Wood Common Apt. 291,Rogersmouth,52800
Angela Cuevas,594,45354 Larry Junction,South Amberville,73021
David Sims,595,742 Walter Ranch Suite 565,East Terri,25540
Joshua Brown,596,15588 Alexis Dam,Cherylland,92523
Amanda Le,597,9601 Perry Ridge,Williammouth,21434
Morgan Brown,598,654 Gibbs Forest Apt. 783,South Michael,01731
Ryan Kelly,599,696 Lynn Drive Apt. 978,Chenfort,13495
Brianna Roberson,600,742 Johnson Trail,Port Danielleport,97753
Jeffrey Perkins,601,5860 Warren Falls Apt. 385,West Connieberg,31123
Aaron Torres,602,41442 Donna Prairie Suite 568,Gilbertbury,76586
John Collins,603,40352 Beth Extensions,Lake Rodney,82001
Marisa Gordon,604,627 Joseph Springs Suite 123,Castroland,55577
Gary Harris,605,3733 Johnson River Apt. 929,New Daniel,81263
Leonard Miller,606,427 Daniel Isle,West Williamfurt,13996
Melissa Cooper,607,32790 Timothy Centers,New Carlabury,97273
Jeff Tate,608,5739 Shane Rest Apt. 955,West Jessicachester,93230
Robert Combs,609,1749 Brian Mount,Lake Loriview,89544
Caroline Garner,610,743 Jerome Path Apt. 706,Lindsayland,38461
Victoria Stevenson,611,618 Baldwin Dam Apt. 157,Port Andreafort,86569
Samantha Roy,612,05212 Amy Cliff Apt. 030,Michaelburgh,62693
Courtney Schmidt,613,718 Pugh Parkways,South Madisonborough,12421
Frank Gordon,614,290 Boone Plaza,Cynthiaburgh,37663
Rebecca Johnson,615,26483 Alyssa Divide,Annetteburgh,43887
Wanda Woods,616,9215 Mark Field Apt. 730,West Jeremy,05394
Linda Simmons,617,429 Smith Crest Apt. 493,Ashleyland,79590
Brent Gallagher,618,8550 Brianna Square Suite 548,South Jochester,10008
Kevin Watson,619,764 Charles Forge Apt. 524,Ronaldchester,62679
Kathryn Marshall,620,0045 Schroeder Unions Suite 337,Ritaton,89978
Brooke Roberts DDS,621,77151 Torres Passage,Medinaport,73511
Mary Wilson,622,366 Evans Parks Apt. 951,Lake Daniel,61215
Jordan Smith,623,4338 Hobbs Parkway Suite 590,South Raymondside,25443
Brenda Bradshaw,624,5041 Hayes Mountain,Owenston,61577
Luke Miller,625,871 James Canyon Suite 719,Angelmouth,81857
Bryan Simmons,626,270 Willie Trail,New Ericberg,88463
Norman Wells,627,537 Melissa Tunnel,Turnerland,07264
Anthony Pittman,628,22756 Cory Hills Suite 060,Lisaton,37333
David Moran,629,082 Freeman Overpass Suite 637,Jacquelinemouth,60605
Joel Rasmussen,630,7414 Green Ranch Suite 535,Kimberlychester,59892
Kelly Peterson,631,517 Roberto Ridge,New Jacob,70606
Joseph Beck,632,48653 Chaney Knoll Suite 188,Baxterstad,54155
Kelly Schmidt,633,186 Smith Branch,North Bradport,61925
Matthew Velasquez,634,7238 Wyatt Station Apt. 052,North Candaceborough,82935
Jesse Adams,635,799 Jennifer Gardens,Collierstad,58194
David Smith,636,6207 Long Station Suite 518,North Taylor,96465
Jeffery Davis,637,9372 Stewart Walk,Levinehaven,68563
Tracie Alvarado,638,66812 Vargas Mountains Suite 224,West Amyland,71960
Laura Lawrence,639,296 Dennis Loaf,Kimberlystad,62175
Scott Hall,640,097 Michael Circle Suite 650,Tanyashire,78513
David Sanders,641,492 Adams Tunnel Suite 752,Lake John,61419
Sharon Miles,642,59817 Williams Mews Apt. 941,Adamsberg,03981
Brian Fitzgerald,643,70934 Chelsea Manors Apt. 616,Lake Stephen,30936
Kimberly Aguilar,644,9339 Rodriguez Port,Lewisbury,26862
Jose Weeks,645,400 Christine Bridge Suite 248,East Mariafort,99937
Felicia Gomez,646,9998 Michael Trail Suite 932,Dunnland,11980
Angela Butler,647,551 Williams Fords,Douglasborough,41085
Amy Gibson,648,469 Brown Cliff,East Austinstad,89580
Raymond Thompson,649,758 White Fork Suite 130,South Kevin,15196
Robert Shields,650,951 Crystal Hill Apt. 019,New Elizabethborough,14467
Joshua Curtis,651,385 Osborn Road,North Susan,85899
Connor Byrd,652,1809 Thompson Track Apt. 743,New Karashire,86336
Carlos Dominguez,653,282 Taylor Summit Suite 117,Dunnmouth,79347
Christina Lopez,654,081 Curtis Wells,West Johnathantown,19047
Sierra Shannon,655,3335 Pamela Plaza Suite 326,Lake Judy,48213
Dorothy Brown,656,746 Rodriguez Harbors Suite 416,Jayville,60167
Susan Johnson,657,9586 Greene Forks Suite 953,New Debbie,71812
Martin King,658,339 Kelly Stream,East Amber,32127
Doris Stein,659,5020 Curry Lights,Amandamouth,22436
Donna Cruz,660,3051 Kristen Cape,Walkerborough,55185
Michael Page,661,55816 Phillips Springs,New David,82750
Shane Smith,662,19206 Simmons Rapid,East Elizabeth,95688
Ralph May,663,25285 Hawkins Squares,South Jessicaview,88200
Grace Smith,664,480 Larry Brook Suite 870,North Brittany,49357
Corey Williams,665,819 Anthony Way Suite 388,Millerport,41314
Ashley Jackson,666,7316 Jennifer Meadow Suite 923,Andrewport,09150
Timothy Donovan,667,305 Clark Causeway,Melissashire,81519
Craig Rivas,668,10332 Rebecca Cliffs,Sarashire,95329
Mrs. Elizabeth Jones,669,03866 Jackson Park,Williamsfort,55733
Brooke Woods,670,025 Christopher Drives Suite 002,Greenville,91251
Nicholas Davis,671,3027 Rogers Mountains Suite 631,North Jeremy,76862
Erin Harris,672,765 Richard Camp Suite 545,Stewartmouth,63161
Natalie Dunlap,673,842 Colton Flat,Howardport,19201
Mrs. Michelle Brown,674,253 Daniels Highway Suite 589,Amyton,99355
Erin Holmes,675,1725 Moore Forges,Riveraton,43132
Matthew Turner,676,67009 Jackson Ranch Apt. 974,Sullivanside,05139
Matthew Bryant,677,376 David Extension Apt. 355,Paulaton,84734
Michael Mccullough,678,54101 Hernandez Freeway Suite 713,Jacobside,76110
Jeffrey Lane,679,508 Garcia Village Apt. 989,South Glenn,64257
Richard Moore,680,183 White Mills,West Ginamouth,98403
Lindsay Sharp DDS,681,073 Herman Club Apt. 161,North Amandaport,66621
Marie Abbott,682,471 Jones Viaduct Suite 788,West Richardborough,84950
Kelly Wilson,683,000 Katherine Bypass Suite 464,Christopherside,53374
Stephanie Gomez,684,6761 Williams Curve,New Jay,70635
Ashlee Herrera,685,94019 Johnston Brook,Tracyside,37135
Danny Taylor,686,9196 Hamilton Views,New Daniel,90808
Marvin Lewis,687,516 Herbert Prairie Apt. 659,East Vincentbury,48425
Vicki Browning,688,4959 Short Drive,Allenport,33619
Jason Chapman,689,72192 David Pass Apt. 212,Moraleschester,27732
Stephanie Lin,690,6252 Elizabeth Summit,Alexanderstad,48177
Megan Decker,691,90010 Gates Viaduct,New Lori,57262
Diane Ferguson,692,8678 Robert Place Suite 249,South Daniel,38095
Wayne Olson,693,073 Paul Corner Apt. 312,Port Laura,74050
Elizabeth Henderson,694,04555 Roach Glens Apt. 645,East Vincent,46213
Janice Rose,695,214 Walsh Mall,Brendaport,65970
Jessica Blake,696,93661 Campbell Ville Suite 820,North Brandyborough,25329
William Rodriguez,697,446 Joseph Drive Suite 263,East Lisa,90002
Lynn Larson,698,0948 Conner Drive Apt. 322,Jenniferbury,22742
Gilbert Davis,699,71170 Amanda Greens,North Lisaberg,34839
Jessica Lynch,700,086 Ashley Via Apt. 944,Port Jonathan,31153
Laura Collins,701,830 David Street Suite 287,Maryshire,31198
Diana Dillon,702,37207 Anthony Trafficway,East Amandamouth,12394
Valerie Paul,703,2096 Joshua Roads Apt. 938,Floreschester,97033
Kristen Parker,704,65873 Flores Branch,Lake Kathleen,26703
Angel Levine,705,9491 Clay Plains,Johnsonport,79236
Cassandra Murphy,706,862 Perez Hill,Peterbury,81867
Jesus Mendoza,707,68889 Sandra Throughway Apt. 884,New Connieburgh,27992
Lynn Snyder,708,2029 Patrick Track,West Samuel,23930
Laurie Williams,709,901 Hubbard Junction Suite 621,Tylerchester,92329
Brian Mills,710,58454 Garcia Fork Apt. 630,Debraburgh,94066
Christopher Pierce,711,94825 Thompson Mountain Apt. 285,East Peter,39115
James Mcdowell,712,56400 Christopher Valleys,East Crystal,42369
Mr. Tim Butler MD,713,0067 Gonzalez Light Suite 670,New Megan,30031
Mark White,714,36117 Lisa Plaza Suite 168,Stevensmouth,57085
Stephanie Moore,715,2949 Michele Cliffs,Port Tamara,69579
Kristen Maldonado,716,23305 Sara Via Apt. 890,Frenchburgh,08119
Jennifer James,717,271 Christopher Streets,East Rebeccaview,28774
Kenneth Castro,718,9087 Rebecca Hills,Lake Robert,40188
Elizabeth Bailey,719,4365 Anderson Mountains,New Craigberg,91474
Ashley Powell,720,44426 Brian Heights,Collinsshire,85369
Ashley Foster,721,654 Johnathan Lane Suite 797,West Brendan,24141
Daniel Hess,722,629 Woodard Forge,New Rogerland,92519
Dawn Kennedy,723,9088 Miller Flat,Jonesbury,02481
Marisa Gonzales,724,9341 Megan Point,North Dennis,23919
Patrick Kaiser,725,751 Mullins Stravenue,Port Michael,19127
Nicolas Irwin,726,8484 Flynn Ports Suite 323,North Karenstad,99093
Eric Porter,727,62870 Robinson Camp,Lake William,80259
Christian Velazquez,728,1051 Joshua Bypass Suite 276,South Melissashire,61135
Richard Thompson,729,47148 Holly Street Suite 093,Johnsonfurt,19024
Alexandra Sims,730,79998 Troy Port Suite 814,Tannerborough,37246
Raymond Nixon,731,8820 Cameron Orchard Apt. 347,Rodriguezburgh,59553
Rodney Lewis,732,15932 Kathleen Mews,South Kenneth,43113
Taylor Marshall,733,5149 Kelly Bypass,Fernandoview,34267
Michael Patterson,734,42760 Nathan Pass Suite 607,Floydtown,17022
Mr. Terry Anderson,735,4175 Theresa Stravenue,Mcphersonton,75296
Nicole Guerra,736,8315 Johnson Prairie Suite 694,Lake Ashley,47326
James Juarez,737,796 Smith Brook Apt. 785,Spearsport,37168
Jeremy Johnson,738,0782 Denise Valleys,Victoriabury,27937
Michael Todd,739,3633 Ortiz Square Apt. 460,Lake John,87118
Keith Moss,740,838 Christopher Common,Vasqueztown,19530
Kevin Herring,741,3470 Mckenzie Grove,New Patrick,08893
Tyler Jones,742,196 Michael Ranch Apt. 733,New David,23044
Laura Hansen,743,385 Jackson Viaduct,Sheristad,22439
Jaclyn Norman,744,54293 Vazquez Summit Apt. 296,South Josephbury,61937
John Ramirez,745,481 Jennifer Mission Suite 804,New Darylview,94406
Shannon Villegas,746,0084 Chan Extension,Lake Jefferybury,16919
Christopher Wilson,747,6657 Amy Oval Apt. 081,Michaelmouth,86639
Yvonne Taylor MD,748,2505 Patterson Mountain,South Cynthiamouth,75872
Kayla Martin,749,1260 Steven Fork Apt. 730,North Dillon,24892
Chad Mendoza,750,539 David Lakes,Wellsburgh,49331
Alicia Jones,751,273 Shaw Parkway Apt. 903,West Matthew,06806
Mackenzie Kaufman,752,432 Karen Green Suite 991,Charlestown,11233
Sarah Yang,753,191 Laura Spur Apt. 257,Ramirezborough,65254
Barbara Smith,754,920 Kyle Circles Suite 649,North Jacquelinestad,26899
Sarah Frost,755,2181 Nichols Glen Apt. 707,Bradberg,43011
Tonya Clark,756,762 Nicole Ridge,Shannonland,34187
Ashley Flores,757,65365 Adams Islands Apt. 605,Danielborough,93262
Carmen Hunt,758,83521 Wong Brooks Suite 737,Alvarezton,31380
Jennifer Heath,759,0287 Bishop Pine,Port James,24707
Nicholas Johnson,760,8744 Kristi Estate Suite 621,East Tammymouth,95021
Dennis Patel,761,7133 Stacey Springs Apt. 366,Rogerton,10732
Dr. Olivia Mcgee,762,959 Gonzales Way,East Earl,20710
Robert Lloyd,763,39221 Torres Loop Suite 250,South Christopher,66346
Angela Hinton,764,0863 Williams Expressway Apt. 202,Port Markfort,11191
David Walls,765,324 John Key,Port Karen,03260
Michael Harris,766,631 Justin Port,Haynesland,46336
Tracie Johnson,767,007 Young Fort,Roachburgh,36131
Jonathan Gonzalez,768,804 Alec Neck Suite 549,South Nicholas,90701
Lori Kelly,769,247 Jackson Way,West Karenview,97523
Anthony Jordan,770,837 Yoder Dale,Lake Krista,27225
Alexis Benjamin,771,1975 Benton Neck Apt. 145,East Nicholasmouth,99776
Christina Gordon,772,70686 Melissa Harbor,Lake Mitchellmouth,99121
Michael Love,773,57183 Lawson Manor,East Travisbury,22931
Sherry Taylor,774,32202 Scott Streets,Lake Theresachester,93733
Rachel Bennett,775,01932 Harris Extension Apt. 107,Acostaland,31108
Troy Jones,776,882 William Turnpike Suite 719,West Williamburgh,32035
Anthony Parker,777,2763 Steven Trace,New Matthewview,50240
Thomas Clarke,778,6646 Henderson Loaf Suite 173,Thomaston,97720
Nicole Schmitt,779,8795 Taylor Bypass Apt. 509,West Jessestad,42331
Kelsey Duffy,780,4646 Gloria Groves,South John,53279
Natalie Smith,781,426 Erickson Brooks Apt. 225,Gainesberg,09557
April Taylor,782,4578 Payne Plains,Dodsonton,43464
Charles Chapman,783,9403 Andrew Knoll,Lake Scott,97189
Dr. Haley Franklin,784,9960 Adams Extension Suite 338,East Kathy,83085
Scott Payne,785,0659 Raymond Plain,Christopherside,69019
Kenneth Smith,786,281 Mcmillan Underpass Suite 022,Bullockport,68826
Jeremy Horn,787,96184 Rose Manor,New Kristin,15225
Mr. Patrick Hernandez,788,92984 Justin Knoll Apt. 837,New Troyside,45257
Bradley Hobbs,789,224 Kennedy Wall Suite 450,Catherinefort,61311
Michelle Bennett,790,38814 Torres Inlet Suite 681,Michaelborough,10871
Monica Gillespie,791,989 Ronald Springs,Port Dennisburgh,71921
Sara Black,792,748 Johnson Centers,Schmidthaven,06663
Steven Stafford,793,73313 Stafford Ways Apt. 899,North Katherine,43212
Jennifer Garcia,794,18154 Christopher Ridge,Gregoryfurt,51223
Christopher Griffin,795,08785 Morgan Circles Suite 269,Morrisonmouth,30286
Kristin Peters,796,1042 Duncan Track Apt. 899,Whiteburgh,27430
Joseph Martinez,797,26385 Christina Courts,Wileyview,03346
Holly Johnson,798,959 Elizabeth Club,Butlerport,17101
Sarah Scott,799,34585 Medina Stream Suite 612,Bergerborough,55290
Betty Ruiz,800,109 Timothy Points,South Lisaport,48416
Joshua Smith,801,026 Wesley Plaza Apt. 807,Port Steven,38361
Kara Cruz,802,2996 Christopher Path,Danielland,35462
Heather Butler,803,7561 Lee Mall,South Zachary,26270
Joshua Torres,804,272 Veronica Mountains,West Erinport,29172
Brandon Lucas,805,82841 Grimes Road,East Sherryport,83569
Jessica Hernandez,806,760 Jones Rest Apt. 357,West Douglasmouth,01711
Alexander Farley,807,2847 Brandon Rapids Apt. 003,North Rebeccafort,58255
William Jensen,808,574 Andrea Crescent,Martinshire,71161
Matthew Turner,809,223 Martin Bridge Suite 373,Jonesville,86500
Jasmine Smith,810,5544 Cantu Grove Suite 010,Hillland,15220
Fernando Cabrera,811,52529 Kemp Plain Suite 141,Ericport,44216
Jenny Moore,812,884 York Hills Suite 469,West Jessica,88200
Amy Mercer,813,116 Shelton Manor,Lake Amy,10629
Benjamin Moody,814,641 Lucas Dale Suite 459,New Barbara,10675
Philip Brown,815,64802 Hamilton Union Apt. 328,North Derrick,19022
Ashley Peters,816,974 Emily Tunnel,Fergusonton,41440
Rebecca Fletcher,817,0404 Deborah Parks Suite 189,Lake Shellyville,17220
Gary Peters,818,0272 Hannah Lakes,Lake Tammy,20259
Maria Banks,819,4440 Williams Road Suite 856,New Johntown,54391
Scott Lopez,820,18932 Duarte Mission,Andreamouth,39586
Charles Jones,821,6308 Stephanie Oval Apt. 063,Isaacborough,33599
Laura King,822,99631 Aaron Point,North Cynthialand,53982
Michael Anderson,823,64935 Garcia Springs Apt. 990,Lake Ericamouth,15071
Bruce Taylor,824,736 Sean Shores,Port Nicoleview,74959
Caitlyn Woods,825,16269 Chavez Fork,Mariaberg,41199
Andrew Hall,826,3853 Clifford Dam,North Barry,45415
Jennifer King,827,851 Danny Viaduct Apt. 509,Tracymouth,19979
Mike Hill,828,381 Bradley Loop,Amberville,22685
Cynthia Cross,829,3064 Damon Valleys,East Scottfurt,96733
Stephen Gonzalez,830,30453 Shepherd Via Apt. 711,West Reginaldbury,97730
Miguel Villarreal,831,4149 Mueller Ports Suite 199,Vegaborough,38746
Carmen Robinson,832,04612 Steven Oval,Karenburgh,50670
Joy Jackson,833,77652 Armstrong Plaza,North Joseph,43787
Anne Weaver,834,2091 Martin Mount Suite 379,Johnside,54079
Michele Stone,835,32649 Ferguson Ramp Apt. 812,North Charlesside,67199
Mr. Jeffrey Ellis,836,8329 Mark Point Suite 572,North Jacobland,02466
Aaron Stanley,837,955 Graham Ports Apt. 443,North Tanya,99246
Diane Gomez,838,6949 Maddox Keys Suite 948,Geraldmouth,35439
Erica Thomas,839,959 Avila Parkway Suite 766,West Kimberly,12768
Candace Green,840,43460 Jacobs Locks Apt. 565,Youngberg,48444
Stephanie Dixon,841,08207 Prince Streets Apt. 303,Ochoaville,96288
Cristian Acosta,842,63079 Collins Islands,South Derekberg,89988
Matthew Deleon,843,88803 Powell Well,Grantmouth,57652
Heidi Sawyer,844,79120 Laura Fields Suite 674,East Chloemouth,04711
Jaime Juarez,845,42743 Johnson Knolls Suite 570,Port John,86983
Ethan Diaz,846,949 David Run Apt. 088,Heatherside,83560
Clifford Gonzalez,847,9695 Gregory Hill,Port Danielle,07980
Crystal Stephenson,848,49826 Jay Greens,Mendozabury,06929
Tyler Anderson,849,0923 Mclaughlin Hills Suite 890,Juliaside,60091
Alan Blackburn,850,2244 Johnson Highway,Garciafort,72369
Jason Davidson,851,726 Charles Rue,Mitchellburgh,47739
Shelley Valdez,852,55412 Morgan Knoll,Port Jennifer,26118
Jennifer Hardin,853,399 Matthew Oval Suite 092,Sullivantown,02877
Sandra Hamilton,854,4068 Warren Glens Suite 773,Anthonyview,55997
Kyle Neal,855,9007 West Valleys,South Peterberg,43032
Jennifer Gallagher,856,188 Michael Ford,Burgesston,20003
Dawn Gross,857,59430 Nathaniel Ways,Lake Anna,11012
Aaron Edwards,858,3052 Michael Drives,Nathanstad,78022
Tyler Lane,859,2745 Dave Flats,West Emilyburgh,25804
Amy Keller,860,082 Megan Radial,Virginiafurt,93716
Andrew Chandler,861,486 Hickman Manors Apt. 126,West Anthonyville,27780
Mr. Phillip Walsh,862,4655 Dunn Drive,Port Erica,25317
Emma Swanson,863,2041 Patricia Cliffs,New Brianshire,90096
Amanda Kelly,864,859 Barnett Crest,Port Derrick,89808
Amber Barnett,865,0866 Wiley Light Apt. 245,North Paige,33510
Jennifer Thomas,866,999 Manuel Lakes Apt. 202,Rachelburgh,15101
Kyle Coleman,867,099 Hill Mission Suite 627,Scottborough,98808
Joan Torres,868,82958 Castillo Ridge Apt. 827,Johnburgh,32433
Kelly Lester,869,023 Carla Trafficway Suite 864,Morenofort,05195
Kristopher Bartlett,870,95132 Turner Estate,Ernestville,94663
Larry Nguyen Jr.,871,6683 Elizabeth Oval,North Anthony,90380
Nicholas Hart,872,073 Maxwell Square Suite 607,Nicholasport,73378
Scott Newman,873,317 James Glen Apt. 940,New Amanda,27863
Charles Thomas,874,81614 Smith Avenue Suite 744,Elizabethside,49270
Riley Klein,875,7927 Jackson Shore,North Rebeccaside,70119
Sally Evans,876,884 Tommy Oval Suite 998,Rossview,40128
William Murphy,877,576 Davis Mill Suite 844,South Nathan,99894
Jason Taylor,878,722 Julie Trace,East Megan,93560
Michael Rogers,879,944 Le Brooks Apt. 698,Johnmouth,69126
Joseph Sanchez,880,337 Ellison Knoll Suite 890,Ramosport,86013
John Nguyen,881,4110 Matthew Ville,Jennifershire,62820
Anthony Booth,882,7516 Fletcher Glens Apt. 108,South Lisafurt,41296
Theresa Acevedo,883,5975 Nicole Fort,Johnsonhaven,99513
Robin Skinner,884,4307 Rebecca Isle,Port Elizabeth,17970
John Marshall,885,1358 Amy Parkways,North Michaelland,69341
Kimberly Allison,886,615 Dana Dale Apt. 416,Shortmouth,88050
Charles Bradford,887,168 Amber Greens Suite 760,West Cody,72793
David Miller DDS,888,146 Christine Mount Suite 585,Russellland,65717
Robert Mclean,889,4720 Lisa Dale,Chelsealand,19157
Danielle Gomez,890,1843 Brady Stravenue Suite 212,Lake Wesley,36135
Jesse Sullivan,891,928 White Brook,Webbmouth,52557
Nathaniel Flynn,892,56304 Anne Unions Apt. 677,East Kelly,33004
Jason Robinson,893,578 Frederick Ports,Campbellchester,13042
Carl Molina,894,925 Walsh Hollow,Lake Colleenland,87443
Katherine Brown,895,2142 Benjamin Ranch Apt. 295,New Christopherland,16118
Samantha Burns,896,54146 Kirby Crossroad,Mollyport,47389
James Hernandez,897,912 Lance Path Apt. 708,East Jenniferborough,86131
Mindy Moses,898,5576 Jennifer Station Suite 951,Turnerville,25910
Keith Simmons,899,62871 Tammy Mission,Greenfurt,03306
Jessica Carter,900,32219 Ashley Flat,Williamsonport,86331
Cheryl Cardenas,901,303 Mayer Pine Suite 920,Cohenport,55339
Chad Jones,902,324 Solomon Throughway Suite 388,New Kelly,73637
Cynthia Robertson,903,4560 Justin Via Suite 812,West David,62144
Linda Wilson,904,90198 Sean Field,Boyermouth,23611
Kevin Jackson,905,41487 Faith Trail,North Jane,66142
Taylor Gilbert,906,710 Hernandez Fort,Yorkhaven,36205
Karen Banks,907,6206 Reyes Mews,Chelseyshire,04400
Leroy Kelly,908,0641 Bryan Courts Apt. 032,Darrellland,12834
Matthew Holden,909,61319 Christopher Stravenue Suite 833,Haneyside,47660
Daniel Kemp,910,77380 Ruiz Parkways Suite 384,Jeremiahborough,70810
Heidi Martinez,911,8531 Javier Flats Suite 918,West Jessicaton,51881
Amber Thompson,912,7074 Lucero Extension,Port Gina,90200
Jerry Hall,913,308 Dylan Shores Apt. 452,North Audreyside,20163
Rickey Wood,914,449 Gonzalez Radial,Simonmouth,62090
Mark Cordova,915,341 Gomez Summit,Holderside,08623
Sarah Martinez,916,954 Robin Plaza,Josephburgh,17019
William Brooks,917,4652 Ryan Terrace Suite 904,New Charlestown,04248
Stephanie Porter MD,918,83012 Schmidt Vista Apt. 740,Andrewhaven,52842
Scott Phillips,919,013 Hammond Island,East Renee,30156
Stephanie Wise,920,86433 Cynthia Lodge Suite 394,Pierceville,52669
Gary Dunn,921,79783 John Glens Suite 588,Lindseyside,73504
Mary Smith,922,56940 John Road,Wrightborough,71535
Elizabeth Hayes,923,154 Baker Cape Suite 966,North Mariastad,67462
Tracy Saunders,924,11945 Erin Knolls Apt. 909,South Madisonside,60282
Troy Dawson,925,8633 Michele Fords,Smithland,79784
Angela Haas,926,0543 Scott Parkway Apt. 478,Christopherhaven,51144
Ernest Freeman,927,730 Steven Keys Apt. 275,West Melissaview,35379
Larry Lopez,928,392 Thomas Corner Suite 424,West Willieside,02749
Janet Gomez,929,516 Hamilton Stream,Schwartzview,92762
Eugene Lee,930,0888 Johns Terrace Apt. 304,Lake Markmouth,10203
Austin Edwards,931,526 Valerie Row Suite 258,East Sandrafurt,78694
Donna Peterson,932,362 Donna Valleys Suite 188,Port Stacey,02350
Tiffany Moore,933,24017 Amanda Highway,Avilafort,30850
Kyle Blair,934,3957 Bruce Prairie,Cervantesmouth,39925
Robert Jackson,935,222 Roy Highway,West Latashaside,88486
Derrick Ross,936,653 Smith Coves Apt. 081,East Christopher,23099
Megan Holt,937,974 Rivera Tunnel Suite 661,South Stevenview,42957
Jenna Williams,938,2406 Jessica Pass,North Lorifurt,76895
Michelle Cannon,939,3278 Christopher Island Apt. 262,Lake William,25941
Jeffrey Schmidt,940,09008 Nicole Key,Lake Jonathan,83089
Allison Carpenter,941,34653 Sandra Branch,North Patricktown,57293
Ashley Mason,942,6309 Paul Corners,East Danielshire,51410
Michelle Frey,943,72906 Rich Extension Suite 361,West Frank,39879
Dominic Bush,944,978 Alicia Burg,Lake Kaylamouth,76585
Katherine Strickland,945,8920 Carrillo Ridges,Mikeville,52960
Courtney Moore,946,69981 Cook Street,South Luis,24322
Jennifer Odonnell,947,413 Hayley Village Suite 935,Laurafort,77049
Mary Logan,948,4818 Carson Wall Suite 636,Hallbury,54179
Jaclyn Obrien,949,022 Amber Grove,East Brittany,44862
Vincent Smith,950,33268 Michael Extensions Apt. 921,East Luis,74215
Gerald Johnson,951,00405 John Cape Apt. 816,Johntown,13965
Pamela Duke,952,82070 Melinda Manors,New Anthonybury,46618
Nicholas Barnes,953,552 Lara Dale,Jamesfurt,62866
Teresa Villegas,954,51669 Greene Shore,West Nicholeville,82077
Brittany Hull,955,6017 Erin Center,North George,78530
Jeffrey Jackson,956,00966 Caleb Station,Taylorville,52297
Thomas Snyder,957,86322 Rhonda Vista Suite 641,Oneillland,02726
Victor Mckinney,958,4874 Bridges Spurs Suite 556,Briannaville,25485
Alison Carlson,959,631 Summer Isle,East Robert,92458
Laura Thomas,960,050 Taylor Ridges Apt. 216,West Martin,25083
Mrs. Sarah Davis,961,578 Charles Plains,Angelaville,25021
Julie Clark,962,65035 Jacqueline Ranch,North Dennisfurt,74168
Jennifer Sutton,963,79215 Nguyen Walk,Lake Christinemouth,11794
Bethany Lambert,964,287 Vaughn Parkways,South Susan,68535
Lindsey Durham,965,3983 Reilly Center Apt. 076,Lake Teresa,00754
Walter Colon,966,3741 Randy Roads Suite 490,Mccarthychester,44455
Martin Patrick,967,51786 Kelly Well Suite 393,Tannerbury,98246
Taylor Hunter,968,1665 Linda Forest Apt. 786,Ruthfurt,85944
Chad Wang,969,065 Wilson Square Suite 181,Durhamborough,90211
Jordan Wilson,970,620 Hardy Green,Lopezhaven,46912
Michael Stevens,971,811 Davis Spurs Apt. 516,West Alexis,18103
Lisa Cruz,972,0402 Jackson Turnpike,South Jeffery,91942
Sharon Taylor,973,7683 Patty Manors,Garciaside,33239
Mary Olson,974,3710 Robert Hills,Cunninghamburgh,80525
Lisa Wright,975,3795 Love Run Apt. 223,Port Kathleen,26421
Gregory Giles DDS,976,318 Spence Mountain Suite 100,Austinbury,71244
Patrick Peterson,977,5347 Joy Expressway,Harrisonborough,58202
Raymond Sutton,978,9679 Lin Cape Apt. 264,South Cassandramouth,46736
Terri Carlson,979,2268 Smith Prairie Apt. 133,Hannahmouth,67087
James Young,980,784 Dana Union,Annmouth,85618
Alexandra Farmer,981,58505 Allen Squares Suite 432,Brooksfort,21333
Jeffrey Rasmussen,982,955 Steven Cliff Apt. 578,West Josephtown,60099
Mr. Shane Robinson,983,145 John Park Suite 740,Lake Traci,97149
Sherry Roth,984,47426 Hall Pine Apt. 847,West Benjamin,45463
Erik Cohen,985,4591 Griffin Plains Apt. 609,Sarahton,28669
Michelle Robinson,986,31439 Cordova Terrace,Destinyport,89994
Laurie Davis,987,7524 Mccoy Trail,Port Georgeville,10145
Maurice Kirk,988,11746 Reid Hills,Leton,49377
Jenna Castro,989,999 Garcia Pike,East Amy,86380
Kevin Burns,990,41906 Harris Mission,New Davidborough,15572
Kenneth Thomas,991,53401 Powell Path,East Tiffanychester,58038
Kylie Porter,992,02863 Jennifer Mill Apt. 324,North Davidton,14720
John Warren MD,993,52992 Carter Burgs,Jameschester,94802
Sharon Adams,994,48650 Quinn Coves Apt. 186,Brenthaven,39080
Donna Miller,995,564 Perkins Lodge,Stacyton,58732
Charles Moreno,996,5309 Snow Lodge,Lindaberg,59232
Deanna Gray,997,79956 Christina Valleys Apt. 785,South Martinport,89449
Elizabeth Bell,998,39742 Victoria Corner Apt. 350,New Amandafort,70760
Tonya Mcneil,999,83032 Julie Dam Suite 795,Gilbertton,54335
Steven Dixon,1000,863 Collins Rapids,Moranland,03075
Jacob Freeman,1001,8917 Johnson Fork Apt. 699,Moorehaven,55640
